,mean_test,std_test,mean_train,gap_train_test
MAPE(%),-15.260896770196906,2.9597123178934126,-6.635494631088902,8.625402139108004
R2,0.8316093420831905,0.08318716843801646,0.9360092696931049,0.10439992760991446
MAE,375.9347760434157,107.82414064635006,177.85835299055643,-198.07642305285927
RMSE,595.6046873228104,313.7017111091988,379.9484239418667,-215.6562633809437
EVS,0.8464875751713294,0.073847996764304,0.937543720787954,0.09105614561662456
